{
    "m_A": 0.04790325769211455,
    "e": 0.30029391489933427,
    "T": 115.98025948586191,
    "x_p": [
        2
    ],
    "data": 6.4118648166210686e10,
    "rate": 9.214017461598972e6,
    "m_M": 0.13451571611873656,
    "h": 1500.0000293945282,
    "a": -6.370121995006022e6,
    "T_g": 1.2228701465339686e-6,
    "m_P": 0.2381147816665191,
    "m_P2": 0.08458332753272789,
    "status": "Optimal",
    "x_T": [
        1
    ],
    "G_T": 10.000000000000002,
    "x_disj": "M",
    "Lp": 0.4825960582305633,
    "m_T": 0.05299999999999999,
    "x_B": [
        4
    ],
    "x_r": 10.000000195964125,
    "A": 0.05702768772870782,
    "d": 0.6996877718417542,
    "g": 0.19968604402117565,
    "x_R": 10.000000000000002,
    "m_B": 0.71,
    "x_A": [
        2
    ],
    "ρ": 5.210000000000003e-16,
    "Ln": 2.517403933246172,
    "m_t": 3.9169168781520245,
    "Lt": 2.9999999914767352,
    "m_S": 0.7833833756304049
}
