{
    "m_A": 0.27508847109918455,
    "e": 0.30029390812754553,
    "T": 115.98026041353326,
    "x_p": [
        1
    ],
    "data": 2.13728822775706e10,
    "rate": 3.071339065424373e6,
    "m_M": 0.13451571396688142,
    "h": 1500.0000605906653,
    "a": -6.370121994964014e6,
    "T_g": 1.2228701269716508e-6,
    "m_P": 1.183636544203622,
    "m_P2": 0.14097221142697652,
    "status": "Optimal",
    "x_T": [
        1
    ],
    "G_T": 10.000000000000002,
    "x_disj": "M",
    "Lp": 2.6475376592462823,
    "m_T": 0.05299999999999999,
    "x_B": [
        4
    ],
    "x_r": 30.00000121181333,
    "A": 0.05141840581293169,
    "d": 0.6996877805570834,
    "g": 0.1996860479482437,
    "x_R": 49.99999999999999,
    "m_B": 0.71,
    "x_A": [
        1
    ],
    "ρ": 5.210000000000003e-16,
    "Ln": 2.3524623113712337,
    "m_t": 3.303371264079188,
    "Lt": 4.999999970617516,
    "m_S": 0.6606742528158378
}
