{
    "m_A": 0.28828388405131006,
    "e": 0.3323200558940411,
    "T": 105.11602078388117,
    "x_p": [
        3
    ],
    "data": 2.5647459394986554e11,
    "rate": 4.066531946276423e7,
    "m_M": 0.1637583131031553,
    "h": 1000.00001157211,
    "a": -6.3706219859860195e6,
    "T_g": 1.488711937301414e-6,
    "m_P": 5.345338747537008,
    "m_P2": 0.09332541512004916,
    "status": "Optimal",
    "x_T": [
        2
    ],
    "G_T": 44.6683592150963,
    "x_disj": "M",
    "Lp": 1.995692394178651,
    "m_T": 0.29999999999999993,
    "x_B": [
        2
    ],
    "x_r": 5.000000072930404,
    "A": 0.05388483814043178,
    "d": 0.6676614652361214,
    "g": 0.1676593376028805,
    "x_R": 5.0,
    "m_B": 0.31,
    "x_A": [
        1
    ],
    "ρ": 2.7900018299117218e-15,
    "Ln": 1.0043075799384165,
    "m_t": 12.009224955037876,
    "Lt": 2.9999999741170678,
    "m_S": 2.4018449910075756
}
