{
    "m_A": 0.288283885883893,
    "e": 0.33232005404463605,
    "T": 105.11604303094006,
    "x_p": [
        3
    ],
    "data": 1.282372968539134e11,
    "rate": 2.033265540893185e7,
    "m_M": 0.16375824378661127,
    "h": 1000.000015528023,
    "a": -6.370621984945017e6,
    "T_g": 1.4887113071510123e-6,
    "m_P": 5.39914192559779,
    "m_P2": 0.09332539536839252,
    "status": "Optimal",
    "x_T": [
        1
    ],
    "G_T": 10.000000000000002,
    "x_disj": "M",
    "Lp": 2.015496685462984,
    "m_T": 0.05299999999999999,
    "x_B": [
        2
    ],
    "x_r": 5.000000077648974,
    "A": 0.053884838482970654,
    "d": 0.6676614655555799,
    "g": 0.1676593364069518,
    "x_R": 5.0,
    "m_B": 0.31,
    "x_A": [
        1
    ],
    "ρ": 2.78999957956426e-15,
    "Ln": 0.9845032956196317,
    "m_t": 11.767729085661681,
    "Lt": 2.9999999810826155,
    "m_S": 2.353545817132336
}
