{
    "m_A": 0.2750884693293335,
    "e": 0.30029390777731024,
    "T": 115.98025860521658,
    "x_p": [
        3
    ],
    "data": 8.549153089563045e10,
    "rate": 1.228535670980492e7,
    "m_M": 0.13451571816150892,
    "h": 1500.000029263758,
    "a": -6.3701219950459e6,
    "T_g": 1.2228701651046268e-6,
    "m_P": 0.35176995343263595,
    "m_P2": 0.14097221362495707,
    "status": "Optimal",
    "x_T": [
        1
    ],
    "G_T": 10.000000000000002,
    "x_disj": "M",
    "Lp": 0.7881446264990407,
    "m_T": 0.05299999999999999,
    "x_B": [
        4
    ],
    "x_r": 7.5000001463283335,
    "A": 0.05141840548211843,
    "d": 0.6996877821962714,
    "g": 0.1996860470880749,
    "x_R": 7.499999999999999,
    "m_B": 0.71,
    "x_A": [
        1
    ],
    "ρ": 5.210000000000003e-16,
    "Ln": 4.211855336725069,
    "m_t": 5.913537698556748,
    "Lt": 4.99999996322411,
    "m_S": 1.18270753971135
}
